temperature,humidity,co2_level,condition
18.72,83.17,1127.39,Suboptimal
21.28,92.96,543.61,Optimal
29.58,64.42,1591.17,Suboptimal
12.51,98.84,1959.77,Suboptimal
25.0,92.04,612.78,Optimal
21.5,89.72,455.05,Optimal
23.12,92.88,415.89,Optimal
23.75,91.87,1738.6,Suboptimal
22.42,85.27,487.1,Optimal
23.09,89.5,566.12,Optimal
21.06,89.63,447.17,Optimal
20.91,93.53,722.28,Optimal
24.29,94.44,715.73,Optimal
23.68,89.74,564.95,Optimal
24.66,85.21,799.72,Optimal
32.8,64.85,573.29,Suboptimal
24.93,90.43,645.75,Optimal
19.67,93.71,605.37,Suboptimal
24.84,91.26,795.0,Optimal
22.78,93.05,601.25,Optimal
21.07,88.76,682.62,Optimal
21.18,91.78,781.65,Optimal
23.63,92.4,488.88,Optimal
15.57,95.45,914.02,Suboptimal
12.26,90.19,1414.84,Suboptimal
34.64,91.26,680.46,Suboptimal
23.04,87.28,978.87,Suboptimal
33.37,88.28,985.4,Suboptimal
22.11,86.35,651.04,Optimal
22.55,86.34,424.05,Optimal
24.22,93.8,406.84,Optimal
21.16,88.61,504.71,Optimal
24.65,78.38,1199.99,Suboptimal
31.89,91.86,1396.23,Suboptimal
24.59,87.07,478.86,Optimal
22.43,93.79,755.3,Optimal
21.87,87.96,453.04,Optimal
26.22,74.59,1268.4,Suboptimal
23.11,87.03,521.82,Optimal
17.02,91.03,893.41,Suboptimal
21.14,93.0,474.3,Optimal
24.81,85.36,562.36,Optimal
20.11,86.86,500.18,Optimal
23.53,89.08,656.42,Optimal
22.11,89.83,606.74,Optimal
24.92,85.03,493.67,Optimal
21.46,92.44,638.98,Optimal
22.92,69.06,423.87,Suboptimal
21.1,94.45,464.9,Optimal
20.92,88.79,419.88,Optimal
20.38,94.27,427.91,Optimal
22.5,93.36,437.78,Optimal
34.71,79.74,1172.82,Suboptimal
25.35,86.41,1133.26,Suboptimal
24.02,89.91,533.37,Optimal
17.59,95.42,890.92,Suboptimal
22.5,91.44,780.59,Optimal
23.26,92.32,462.85,Optimal
27.0,88.03,1086.64,Suboptimal
30.38,68.35,599.41,Suboptimal
23.55,89.97,734.22,Optimal
34.17,70.88,1842.3,Suboptimal
12.82,82.47,1261.64,Suboptimal
24.57,88.87,719.28,Optimal
27.58,74.67,1993.52,Suboptimal
33.83,60.27,1232.64,Suboptimal
17.98,97.22,1097.34,Suboptimal
23.63,86.2,579.48,Optimal
18.11,98.27,1751.68,Suboptimal
21.9,87.16,484.72,Optimal
22.53,91.43,758.31,Optimal
14.95,91.01,742.65,Suboptimal
24.64,92.95,781.31,Optimal
31.69,86.23,1256.91,Suboptimal
20.82,93.19,546.49,Optimal
34.51,76.51,1025.58,Suboptimal
33.13,85.14,1355.86,Suboptimal
23.27,85.67,651.02,Optimal
20.28,88.8,500.95,Optimal
17.72,62.22,1075.86,Suboptimal
21.82,86.7,658.18,Optimal
24.51,92.64,546.91,Optimal
24.89,89.91,701.44,Optimal
24.97,87.04,782.65,Optimal
22.2,93.27,496.35,Optimal
23.97,94.74,418.45,Optimal
24.86,94.05,489.18,Optimal
24.91,88.76,577.66,Optimal
19.26,79.43,1862.44,Suboptimal
11.67,97.87,1419.59,Suboptimal
23.27,88.58,739.54,Optimal
30.08,60.97,341.81,Suboptimal
24.08,82.51,1793.39,Suboptimal
31.08,60.81,832.26,Suboptimal
21.12,89.43,667.7,Optimal
28.16,96.75,335.71,Suboptimal
34.04,97.96,1355.83,Suboptimal
22.0,79.95,1930.59,Suboptimal
23.68,87.79,669.91,Optimal
23.1,91.44,429.83,Optimal
27.73,60.81,1376.34,Suboptimal
11.75,73.67,782.47,Suboptimal
24.48,92.06,585.66,Optimal
15.8,76.64,546.39,Suboptimal
29.18,96.21,1270.65,Suboptimal
32.05,81.46,919.61,Suboptimal
21.62,91.62,700.83,Optimal
23.77,89.08,452.74,Optimal
20.77,91.82,589.26,Optimal
20.29,90.39,572.58,Optimal
24.33,91.99,582.2,Optimal
20.13,86.98,668.57,Optimal
24.02,90.14,501.15,Optimal
22.25,90.84,444.71,Optimal
26.27,65.73,1890.25,Suboptimal
27.94,86.13,1273.9,Suboptimal
19.6,79.41,1349.04,Suboptimal
24.67,86.4,782.77,Optimal
23.6,90.76,733.31,Optimal
20.64,91.94,433.22,Optimal
23.97,93.03,658.08,Optimal
23.81,91.28,408.49,Optimal
22.25,72.95,1276.66,Suboptimal
21.42,87.68,660.5,Optimal
24.19,87.0,623.51,Optimal
17.91,87.19,1503.85,Suboptimal
21.84,92.22,687.85,Optimal
20.64,90.81,486.97,Optimal
16.04,72.05,1901.67,Suboptimal
21.6,88.45,554.48,Optimal
23.68,85.01,534.6,Optimal
21.77,90.34,485.52,Optimal
24.94,90.08,552.68,Optimal
21.88,61.66,1111.93,Suboptimal
20.59,94.06,526.66,Optimal
23.13,91.33,638.49,Optimal
24.51,87.55,538.77,Optimal
21.18,86.0,1811.01,Suboptimal
23.07,85.17,712.61,Optimal
22.17,87.6,735.45,Optimal
22.52,91.96,584.37,Optimal
29.7,98.84,1683.57,Suboptimal
21.1,85.97,599.26,Optimal
20.0,89.45,792.33,Optimal
21.32,89.27,704.25,Optimal
22.15,87.53,757.05,Optimal
23.47,93.01,685.04,Optimal
23.49,85.51,443.68,Optimal
23.81,88.22,764.29,Optimal
22.71,94.98,612.16,Optimal
22.36,92.97,692.5,Optimal
34.25,88.31,1802.12,Suboptimal
27.62,84.76,1136.23,Suboptimal
20.71,90.37,770.76,Optimal
30.39,64.17,1260.1,Suboptimal
33.87,93.0,804.06,Suboptimal
11.96,60.16,1605.92,Suboptimal
20.66,94.9,794.83,Optimal
24.87,85.11,474.24,Optimal
24.72,86.39,427.56,Optimal
18.64,80.16,1127.51,Suboptimal
23.03,89.67,439.36,Optimal
22.8,90.11,630.54,Optimal
23.02,98.06,1058.23,Suboptimal
23.55,88.74,653.87,Optimal
18.32,71.65,1863.58,Suboptimal
27.25,65.78,1025.79,Suboptimal
28.27,86.86,1931.19,Suboptimal
22.54,87.5,506.97,Optimal
21.21,90.03,600.75,Optimal
24.54,78.36,884.21,Suboptimal
23.46,87.58,698.32,Optimal
24.15,86.25,571.45,Optimal
13.32,85.38,1089.79,Suboptimal
11.59,66.17,1181.35,Suboptimal
22.78,86.37,695.05,Optimal
22.04,87.42,617.6,Optimal
23.84,91.98,741.06,Optimal
22.18,93.87,401.62,Optimal
23.64,91.49,400.25,Optimal
20.78,89.81,686.94,Optimal
21.13,91.88,551.8,Optimal
33.99,75.19,404.85,Suboptimal
22.4,90.08,551.05,Optimal
21.14,89.23,413.99,Optimal
15.74,61.89,430.41,Suboptimal
10.36,96.39,1479.76,Suboptimal
22.14,85.27,723.27,Optimal
24.3,91.84,659.84,Optimal
24.14,87.76,471.01,Optimal
23.91,88.61,543.63,Optimal
23.68,93.33,730.13,Optimal
24.0,89.35,736.1,Optimal
32.44,90.93,1462.15,Suboptimal
34.23,89.42,1353.62,Suboptimal
23.79,86.36,651.26,Optimal
16.15,60.28,1178.74,Suboptimal
13.48,91.32,727.17,Suboptimal
24.57,94.05,508.92,Optimal
21.3,88.21,660.4,Optimal
21.65,88.08,550.54,Optimal
19.22,69.63,1423.26,Suboptimal
22.69,64.9,1727.93,Suboptimal
18.96,82.04,1307.03,Suboptimal
22.82,93.63,413.23,Optimal
16.49,84.33,1539.17,Suboptimal
15.33,79.66,1239.16,Suboptimal
30.3,83.25,1054.3,Suboptimal
31.06,96.34,458.33,Suboptimal
22.16,88.43,434.6,Optimal
12.4,90.49,1653.47,Suboptimal
21.03,77.83,1436.81,Suboptimal
26.59,77.79,639.29,Suboptimal
28.98,66.73,1455.39,Suboptimal
23.06,93.69,1453.61,Suboptimal
27.64,85.03,937.58,Suboptimal
21.69,90.23,596.32,Optimal
22.12,85.54,642.83,Optimal
23.91,86.34,629.39,Optimal
24.38,92.47,575.27,Optimal
23.04,93.05,689.25,Optimal
30.92,78.46,1045.47,Suboptimal
31.81,66.65,1480.78,Suboptimal
32.29,93.79,659.37,Suboptimal
24.63,92.68,645.87,Optimal
20.4,86.53,603.44,Optimal
22.84,80.34,1999.83,Suboptimal
20.14,90.03,495.12,Optimal
22.92,88.75,605.96,Optimal
25.99,76.01,1979.28,Suboptimal
21.68,92.99,509.09,Optimal
22.27,70.41,957.28,Suboptimal
24.3,69.93,957.71,Suboptimal
34.97,82.29,363.22,Suboptimal
20.65,93.33,691.45,Optimal
20.36,88.36,700.06,Optimal
34.29,65.64,1857.58,Suboptimal
20.14,83.85,1129.71,Suboptimal
20.62,89.35,689.07,Optimal
21.82,89.42,558.13,Optimal
21.6,94.54,428.96,Optimal
30.82,76.51,1914.99,Suboptimal
24.78,94.33,845.79,Suboptimal
10.65,90.92,767.21,Suboptimal
20.99,89.1,521.09,Optimal
21.86,92.05,789.8,Optimal
15.23,76.2,1673.76,Suboptimal
23.42,86.6,464.96,Optimal
15.91,96.29,1296.49,Suboptimal
23.74,88.55,660.59,Optimal
20.45,91.66,602.13,Optimal
21.58,92.91,703.7,Optimal
20.78,85.46,415.83,Optimal
24.62,69.32,1521.28,Suboptimal
23.02,91.4,751.01,Optimal
20.49,87.99,704.78,Optimal
21.83,93.66,586.92,Optimal
22.05,85.23,417.24,Optimal
21.77,91.33,484.56,Optimal
32.16,82.05,1030.02,Suboptimal
30.5,98.33,1802.12,Suboptimal
29.48,85.17,726.82,Suboptimal
33.29,92.6,1182.91,Suboptimal
24.04,68.11,1953.67,Suboptimal
28.24,62.69,1281.82,Suboptimal
24.99,89.66,639.53,Optimal
20.24,90.51,676.04,Optimal
22.1,87.06,631.35,Optimal
20.69,93.03,664.56,Optimal
17.23,85.93,1196.03,Suboptimal
21.17,91.55,639.77,Optimal
15.79,65.12,1417.46,Suboptimal
17.9,98.01,1494.2,Suboptimal
23.05,90.9,665.71,Optimal
13.4,96.97,1543.5,Suboptimal
20.1,94.55,523.59,Optimal
31.01,72.55,1499.83,Suboptimal
24.42,92.08,768.39,Optimal
17.56,96.67,1821.17,Suboptimal
22.13,87.91,1096.52,Suboptimal
20.88,91.45,594.41,Optimal
26.53,90.63,1799.54,Suboptimal
22.69,93.2,561.81,Optimal
20.27,86.11,784.09,Optimal
24.35,91.03,478.94,Optimal
34.99,77.53,1244.42,Suboptimal
24.64,86.06,487.14,Optimal
20.94,89.12,546.0,Optimal
24.0,87.03,681.54,Optimal
23.17,94.74,658.38,Optimal
20.87,93.53,703.75,Optimal
21.68,87.85,647.1,Optimal
24.47,89.59,586.6,Optimal
27.87,97.89,1753.21,Suboptimal
22.59,86.09,489.58,Optimal
24.73,87.18,732.97,Optimal
16.23,92.93,1493.84,Suboptimal
24.54,91.33,431.52,Optimal
24.13,85.15,588.48,Optimal
13.01,91.28,1127.29,Suboptimal
24.89,93.83,538.63,Optimal
15.52,75.4,851.64,Suboptimal
22.73,90.15,710.02,Optimal
23.9,90.46,637.52,Optimal
21.29,91.42,410.63,Optimal
22.43,93.49,619.43,Optimal
17.57,76.89,676.42,Suboptimal
34.25,98.47,848.69,Suboptimal
14.3,63.01,1488.11,Suboptimal
22.44,90.76,442.96,Optimal
20.67,86.8,519.86,Optimal
31.71,73.99,1592.15,Suboptimal
34.99,97.94,1961.77,Suboptimal
17.84,64.2,1179.7,Suboptimal
23.95,93.38,563.17,Optimal
22.41,87.59,721.74,Optimal
21.9,77.95,1455.72,Suboptimal
23.66,93.22,476.25,Optimal
24.99,90.3,751.87,Optimal
21.37,85.24,713.78,Optimal
25.83,71.85,1529.18,Suboptimal
29.8,88.24,660.93,Suboptimal
22.88,85.12,423.94,Optimal
21.43,88.99,759.11,Optimal
29.05,62.27,639.55,Suboptimal
24.22,90.4,604.66,Optimal
24.71,85.08,784.39,Optimal
18.64,88.57,1025.44,Suboptimal
20.24,92.64,553.31,Optimal
24.01,90.45,422.75,Optimal
10.63,80.0,1303.17,Suboptimal
33.94,81.3,401.67,Suboptimal
18.46,65.01,1798.53,Suboptimal
11.74,83.85,611.41,Suboptimal
22.56,94.44,760.13,Optimal
21.14,85.84,472.12,Optimal
32.38,75.79,1336.14,Suboptimal
24.0,86.29,623.87,Optimal
31.7,83.52,458.46,Suboptimal
22.53,86.8,510.66,Optimal
23.72,86.27,603.15,Optimal
20.7,85.89,472.44,Optimal
22.41,91.71,478.67,Optimal
22.52,85.59,549.87,Optimal
17.37,95.84,696.72,Suboptimal
22.98,90.97,568.1,Optimal
21.43,88.6,527.19,Optimal
11.43,60.1,1715.43,Suboptimal
20.77,85.44,540.12,Optimal
24.29,90.68,611.42,Optimal
23.21,94.89,428.64,Optimal
23.42,92.34,748.05,Optimal
27.65,61.83,1116.43,Suboptimal
20.85,93.22,689.02,Optimal
18.98,82.46,1530.87,Suboptimal
24.97,85.44,680.25,Optimal
17.83,86.14,1102.68,Suboptimal
20.56,90.55,775.11,Optimal
20.11,85.82,555.46,Optimal
23.32,74.95,1240.06,Suboptimal
20.43,91.76,601.72,Optimal
20.6,90.61,475.02,Optimal
23.83,86.8,475.19,Optimal
20.64,88.7,697.81,Optimal
12.6,64.62,1420.67,Suboptimal
23.51,94.7,408.32,Optimal
21.45,94.93,709.92,Optimal
21.53,74.79,1712.9,Suboptimal
22.58,85.34,492.1,Optimal
22.81,88.45,428.38,Optimal
21.38,87.21,752.0,Optimal
10.61,84.92,1393.48,Suboptimal
23.35,89.33,965.45,Suboptimal
32.65,73.25,808.16,Suboptimal
12.27,80.43,1179.7,Suboptimal
20.72,89.49,527.68,Optimal
23.66,73.51,1731.57,Suboptimal
23.07,87.18,606.33,Optimal
20.08,92.55,552.44,Optimal
11.83,93.23,1798.33,Suboptimal
27.21,80.02,1582.06,Suboptimal
20.37,92.37,517.76,Optimal
20.87,72.67,1412.55,Suboptimal
23.06,91.72,554.51,Optimal
12.42,76.4,572.85,Suboptimal
26.13,80.05,1553.47,Suboptimal
21.73,88.09,548.45,Optimal
22.89,85.4,674.9,Optimal
23.11,64.14,1113.2,Suboptimal
20.0,88.65,737.36,Optimal
21.34,93.12,658.26,Optimal
24.4,78.77,304.27,Suboptimal
23.38,78.01,734.04,Suboptimal
32.44,63.75,1844.11,Suboptimal
24.59,93.9,727.07,Optimal
13.55,96.29,551.16,Suboptimal
24.53,86.81,502.32,Optimal
23.14,90.49,643.52,Optimal
24.52,87.34,448.04,Optimal
21.87,86.28,481.13,Optimal
20.07,87.33,458.1,Optimal
32.33,90.88,304.68,Suboptimal
22.85,92.86,454.22,Optimal
21.51,93.19,410.81,Optimal
21.45,90.67,770.27,Optimal
22.1,92.85,669.87,Optimal
23.19,88.03,614.78,Optimal
10.16,71.04,1094.43,Suboptimal
23.69,92.75,562.89,Optimal
20.61,88.18,616.85,Optimal
21.79,86.4,483.78,Optimal
21.52,90.91,574.51,Optimal
20.72,91.62,463.8,Optimal
23.8,88.82,403.29,Optimal
21.04,94.9,405.42,Optimal
31.78,86.88,657.86,Suboptimal
24.73,91.31,460.49,Optimal
23.21,93.36,690.38,Optimal
21.33,92.42,428.16,Optimal
22.73,78.04,1416.58,Suboptimal
21.55,86.33,645.32,Optimal
24.4,90.69,753.88,Optimal
22.13,87.09,1325.88,Suboptimal
24.7,89.87,547.48,Optimal
13.91,69.03,1860.83,Suboptimal
14.04,68.64,1349.02,Suboptimal
14.43,94.4,578.83,Suboptimal
21.69,87.38,733.6,Optimal
21.29,92.39,755.54,Optimal
20.54,88.56,436.84,Optimal
20.39,87.35,691.64,Optimal
25.97,62.76,971.2,Suboptimal
22.74,85.47,442.1,Optimal
20.96,94.6,677.26,Optimal
24.79,94.06,526.21,Optimal
24.56,93.23,775.95,Optimal
30.2,62.56,1701.57,Suboptimal
22.34,90.68,662.51,Optimal
23.71,72.55,906.76,Suboptimal
24.06,86.68,677.58,Optimal
19.96,84.63,1557.16,Suboptimal
23.14,94.98,433.75,Optimal
21.15,88.26,732.02,Optimal
18.41,73.38,1098.52,Suboptimal
21.17,88.31,434.5,Optimal
22.69,94.57,401.43,Optimal
21.0,93.29,765.02,Optimal
22.08,94.16,758.42,Optimal
14.19,92.18,323.57,Suboptimal
20.53,89.36,472.03,Optimal
22.15,90.83,694.19,Optimal
22.22,91.48,744.74,Optimal
15.27,70.43,1756.23,Suboptimal
21.83,89.55,385.1,Suboptimal
23.69,62.39,1933.45,Suboptimal
20.84,92.9,409.52,Optimal
33.34,83.16,1580.11,Suboptimal
31.56,66.9,1092.61,Suboptimal
19.93,69.16,747.22,Suboptimal
19.25,81.01,1929.98,Suboptimal
21.71,90.87,450.84,Optimal
12.11,60.47,1968.2,Suboptimal
23.75,93.46,536.09,Optimal
14.54,91.13,1941.49,Suboptimal
22.52,91.88,714.19,Optimal
14.35,66.36,1252.85,Suboptimal
13.61,93.95,1957.29,Suboptimal
22.48,94.02,480.4,Optimal
22.23,86.52,405.67,Optimal
14.33,72.53,1022.59,Suboptimal
22.24,85.55,424.32,Optimal
21.44,89.21,427.0,Optimal
28.04,76.73,362.97,Suboptimal
10.4,67.81,561.27,Suboptimal
10.37,87.95,715.04,Suboptimal
24.26,89.51,584.71,Optimal
23.05,87.64,678.8,Optimal
23.92,93.14,530.03,Optimal
22.13,93.09,646.68,Optimal
31.11,93.47,1805.96,Suboptimal
17.94,69.14,1159.3,Suboptimal
24.55,88.3,506.46,Optimal
32.81,67.4,925.81,Suboptimal
21.29,85.33,667.64,Optimal
21.11,98.43,313.34,Suboptimal
21.16,94.31,488.73,Optimal
22.22,88.44,793.21,Optimal
25.57,77.33,325.43,Suboptimal
23.16,86.14,763.48,Optimal
23.86,94.58,586.96,Optimal
21.7,87.51,497.28,Optimal
23.77,89.41,717.14,Optimal
23.02,90.78,657.14,Optimal
21.51,88.78,767.98,Optimal
27.11,74.09,734.07,Suboptimal
30.39,84.29,1437.23,Suboptimal
20.5,88.38,669.67,Optimal
30.75,60.14,551.54,Suboptimal
29.12,75.36,1761.64,Suboptimal
32.79,92.32,1764.58,Suboptimal
22.48,69.84,1451.92,Suboptimal
24.82,88.54,446.66,Optimal
24.1,88.18,771.46,Optimal
22.06,96.05,942.52,Suboptimal
22.79,93.52,792.24,Optimal
11.01,77.11,1279.68,Suboptimal
32.81,69.27,656.51,Suboptimal
33.96,92.34,1378.0,Suboptimal
14.54,71.66,1176.63,Suboptimal
11.96,78.71,1245.19,Suboptimal
14.88,97.54,1407.31,Suboptimal
20.99,90.7,905.21,Suboptimal
34.53,74.19,1432.64,Suboptimal
23.58,90.73,635.6,Optimal
21.55,92.64,404.95,Optimal
24.5,90.15,418.16,Optimal
24.29,93.6,451.69,Optimal
21.58,88.01,498.76,Optimal
11.72,96.19,1911.33,Suboptimal
21.41,92.17,542.97,Optimal
22.84,91.27,497.06,Optimal
20.25,89.57,752.4,Optimal
24.44,85.69,545.99,Optimal
22.26,85.38,739.78,Optimal
32.21,79.85,1473.41,Suboptimal
23.64,92.45,771.39,Optimal
25.0,88.75,647.75,Optimal
20.19,88.08,552.2,Optimal
34.98,85.57,1352.27,Suboptimal
23.99,90.59,662.54,Optimal
23.58,93.58,671.95,Optimal
22.47,91.62,517.52,Optimal
22.86,88.2,513.87,Optimal
23.84,93.27,733.52,Optimal
22.71,87.44,623.44,Optimal
22.48,88.03,794.59,Optimal
28.36,91.38,506.32,Suboptimal
21.67,86.22,731.32,Optimal
20.04,90.15,671.65,Optimal
21.9,94.47,567.85,Optimal
20.01,86.42,747.79,Optimal
32.75,76.45,1951.29,Suboptimal
24.68,93.83,536.24,Optimal
20.79,89.41,455.86,Optimal
21.46,89.48,503.15,Optimal
24.03,92.79,568.61,Optimal
24.78,93.2,654.98,Optimal
29.31,96.67,1649.84,Suboptimal
18.34,89.08,832.16,Suboptimal
20.55,92.86,761.29,Optimal
15.19,65.79,1281.0,Suboptimal
18.39,82.86,1729.85,Suboptimal
30.75,82.33,313.86,Suboptimal
22.15,89.95,698.74,Optimal
21.01,93.97,506.27,Optimal
24.35,89.21,547.3,Optimal
12.64,79.5,1610.35,Suboptimal
21.52,93.19,401.56,Optimal
22.8,86.4,428.4,Optimal
28.53,65.75,1615.2,Suboptimal
21.65,85.05,527.42,Optimal
22.65,90.25,693.73,Optimal
22.78,90.3,655.28,Optimal
20.63,93.12,614.75,Optimal
10.08,96.41,490.03,Suboptimal
23.32,90.15,731.36,Optimal
24.33,87.51,507.94,Optimal
22.07,85.26,673.61,Optimal
21.7,90.74,625.8,Optimal
22.84,92.4,666.78,Optimal
24.77,90.58,555.24,Optimal
21.94,88.35,693.82,Optimal
21.37,92.45,480.64,Optimal
30.52,92.2,894.52,Suboptimal
21.35,90.61,500.42,Optimal
13.37,67.67,1871.49,Suboptimal
18.18,95.96,1971.8,Suboptimal
22.33,89.56,462.82,Optimal
23.45,67.58,671.47,Suboptimal
23.3,91.19,571.75,Optimal
23.31,91.4,792.95,Optimal
20.49,90.52,611.11,Optimal
14.71,84.11,323.04,Suboptimal
22.31,88.97,575.64,Optimal
22.28,89.07,767.94,Optimal
34.32,83.72,384.54,Suboptimal
20.57,90.84,472.64,Optimal
23.13,88.92,546.08,Optimal
20.7,92.6,567.54,Optimal
22.45,93.33,695.3,Optimal
16.3,77.39,602.77,Suboptimal
23.48,86.61,687.78,Optimal
22.05,68.38,1963.94,Suboptimal
21.99,91.48,931.73,Suboptimal
20.24,88.42,505.43,Optimal
11.52,73.29,600.67,Suboptimal
23.05,88.94,1132.13,Suboptimal
24.36,93.89,534.27,Optimal
24.96,87.73,631.12,Optimal
24.41,92.68,616.59,Optimal
22.83,91.2,562.42,Optimal
28.63,62.37,764.59,Suboptimal
14.02,82.94,1799.43,Suboptimal
20.39,92.75,742.35,Optimal
20.29,86.79,1197.57,Suboptimal
24.56,94.96,595.24,Optimal
23.26,91.41,511.41,Optimal
23.88,86.06,588.09,Optimal
15.12,64.36,1624.92,Suboptimal
21.91,94.3,429.16,Optimal
20.8,85.19,496.57,Optimal
10.39,87.52,1715.52,Suboptimal
31.42,69.23,815.13,Suboptimal
23.52,94.2,763.07,Optimal
20.13,88.69,627.79,Optimal
23.45,86.25,754.52,Optimal
21.08,72.38,1171.01,Suboptimal
11.3,79.14,1779.67,Suboptimal
10.7,65.88,1796.63,Suboptimal
23.1,86.21,403.55,Optimal
20.57,90.07,411.97,Optimal
24.46,89.42,512.5,Optimal
23.54,86.44,703.18,Optimal
23.3,90.35,481.73,Optimal
28.08,85.12,1012.16,Suboptimal
21.74,85.18,547.78,Optimal
22.17,86.45,661.21,Optimal
22.63,86.91,718.9,Optimal
24.27,94.9,484.38,Optimal
16.92,76.66,891.02,Suboptimal
22.17,87.87,1041.0,Suboptimal
24.29,91.65,491.07,Optimal
21.35,90.53,487.5,Optimal
23.14,85.04,607.97,Optimal
10.1,95.45,588.69,Suboptimal
20.31,85.13,408.22,Optimal
27.79,74.55,972.92,Suboptimal
20.52,89.04,433.99,Optimal
22.21,86.07,693.93,Optimal
24.89,91.43,703.05,Optimal
24.79,88.16,581.09,Optimal
21.94,86.37,619.19,Optimal
26.9,77.13,1830.23,Suboptimal
22.02,88.76,587.56,Optimal
16.35,66.25,963.69,Suboptimal
21.23,78.07,680.78,Suboptimal
20.14,88.59,540.87,Optimal
20.96,86.9,793.87,Optimal
13.44,77.79,1258.05,Suboptimal
24.3,90.6,730.48,Optimal
11.46,84.85,1623.34,Suboptimal
22.73,88.67,699.57,Optimal
23.21,91.67,753.77,Optimal
24.05,95.72,831.86,Suboptimal
11.6,63.51,1781.42,Suboptimal
34.93,80.87,855.77,Suboptimal
23.79,92.08,557.9,Optimal
23.51,92.07,788.96,Optimal
18.47,92.74,1539.98,Suboptimal
23.98,91.63,460.49,Optimal
11.41,77.93,1485.04,Suboptimal
22.23,93.08,616.28,Optimal
24.27,91.31,556.44,Optimal
20.24,85.87,662.36,Optimal
24.12,88.23,671.47,Optimal
20.14,94.65,432.6,Optimal
29.49,74.21,695.6,Suboptimal
12.59,74.77,1902.52,Suboptimal
20.92,92.29,1190.49,Suboptimal
17.79,90.77,1893.37,Suboptimal
22.6,88.93,741.81,Optimal
12.36,71.0,1747.45,Suboptimal
30.4,61.84,1764.28,Suboptimal
32.01,62.78,881.53,Suboptimal
21.87,92.42,596.64,Optimal
20.65,91.37,762.82,Optimal
20.77,94.58,440.9,Optimal
21.54,94.78,638.07,Optimal
16.25,73.13,1677.61,Suboptimal
13.13,64.83,1806.91,Suboptimal
24.41,89.85,515.13,Optimal
15.81,96.62,460.3,Suboptimal
20.7,93.6,522.57,Optimal
18.55,65.98,942.68,Suboptimal
23.31,88.35,471.36,Optimal
33.17,77.1,488.19,Suboptimal
29.86,66.26,685.41,Suboptimal
20.93,87.17,537.62,Optimal
22.39,85.92,789.02,Optimal
22.78,88.3,609.25,Optimal
24.14,93.5,729.76,Optimal
11.65,89.45,700.4,Suboptimal
22.25,87.49,739.24,Optimal
24.45,63.57,1721.64,Suboptimal
24.27,65.93,1916.72,Suboptimal
10.57,84.08,857.39,Suboptimal
20.5,93.82,529.6,Optimal
25.11,84.69,1376.56,Suboptimal
23.6,89.38,631.95,Optimal
24.83,88.56,725.48,Optimal
20.46,94.34,662.43,Optimal
17.31,64.49,1174.64,Suboptimal
21.92,86.38,684.06,Optimal
23.91,88.94,737.44,Optimal
15.97,94.45,1470.45,Suboptimal
34.47,77.58,658.93,Suboptimal
20.26,91.79,449.43,Optimal
11.31,65.89,1483.04,Suboptimal
23.29,85.51,656.16,Optimal
14.25,81.99,1071.94,Suboptimal
33.15,63.72,1592.97,Suboptimal
27.28,85.12,1494.42,Suboptimal
23.21,93.92,518.57,Optimal
20.66,92.8,480.47,Optimal
23.36,92.64,795.95,Optimal
22.94,87.25,793.59,Optimal
20.1,90.8,624.04,Optimal
21.18,89.11,458.57,Optimal
20.05,86.1,1022.77,Suboptimal
23.36,91.76,415.46,Optimal
21.71,88.03,632.96,Optimal
24.66,88.73,758.51,Optimal
20.38,67.86,1482.84,Suboptimal
22.28,87.46,594.41,Optimal
22.06,86.39,656.72,Optimal
22.21,86.11,507.55,Optimal
34.62,86.61,914.3,Suboptimal
22.07,87.57,678.94,Optimal
25.0,86.63,704.23,Optimal
25.24,86.0,1860.26,Suboptimal
21.89,90.69,676.3,Optimal
22.31,86.59,446.16,Optimal
20.98,85.13,794.01,Optimal
24.01,85.21,408.24,Optimal
28.58,85.15,1354.99,Suboptimal
13.99,67.82,1210.99,Suboptimal
24.55,94.96,522.91,Optimal
22.25,90.39,566.96,Optimal
30.06,79.63,341.84,Suboptimal
20.9,85.08,528.34,Optimal
22.95,87.55,579.93,Optimal
21.46,88.03,675.59,Optimal
20.61,85.18,748.53,Optimal
17.18,74.67,958.1,Suboptimal
24.87,91.91,418.43,Optimal
12.62,96.28,1961.71,Suboptimal
13.48,72.0,755.47,Suboptimal
24.4,85.78,513.06,Optimal
23.9,86.15,647.2,Optimal
22.46,87.89,600.48,Optimal
22.74,88.11,580.2,Optimal
22.15,89.57,786.97,Optimal
22.42,69.07,1978.01,Suboptimal
21.49,89.81,770.15,Optimal
19.26,84.83,761.78,Suboptimal
23.05,94.24,422.75,Optimal
22.84,91.63,743.77,Optimal
22.61,92.9,645.09,Optimal
21.12,86.72,660.78,Optimal
23.11,94.74,567.66,Optimal
26.03,96.45,1521.1,Suboptimal
21.46,92.73,701.45,Optimal
20.7,94.54,758.6,Optimal
27.41,84.4,700.25,Suboptimal
23.02,86.62,701.32,Optimal
30.59,93.79,598.2,Suboptimal
20.99,80.98,1974.39,Suboptimal
20.4,77.86,1727.44,Suboptimal
20.41,86.82,574.13,Optimal
20.42,88.04,474.09,Optimal
34.45,69.13,758.33,Suboptimal
26.33,64.87,1675.6,Suboptimal
20.73,87.28,488.16,Optimal
10.0,91.83,1526.13,Suboptimal
21.27,88.65,413.88,Optimal
23.38,60.25,1030.53,Suboptimal
26.73,93.18,365.34,Suboptimal
22.15,60.53,1602.44,Suboptimal
24.67,91.5,565.61,Optimal
22.47,93.02,534.13,Optimal
11.68,79.08,859.46,Suboptimal
24.11,87.62,450.35,Optimal
21.62,85.99,480.12,Optimal
20.57,92.2,606.04,Optimal
19.25,82.25,1328.19,Suboptimal
19.37,71.83,1422.42,Suboptimal
31.84,88.11,1999.46,Suboptimal
16.06,82.82,816.7,Suboptimal
24.18,87.29,579.13,Optimal
13.21,72.0,1197.45,Suboptimal
16.89,62.08,802.9,Suboptimal
20.75,91.72,744.48,Optimal
21.86,90.93,614.3,Optimal
22.67,89.29,709.02,Optimal
24.95,85.16,480.92,Optimal
21.93,85.49,541.77,Optimal
18.83,77.33,1605.06,Suboptimal
34.01,81.93,1288.6,Suboptimal
22.47,86.15,742.09,Optimal
20.85,88.67,304.57,Suboptimal
20.87,94.32,564.37,Optimal
12.11,85.7,1544.44,Suboptimal
27.02,74.52,1329.79,Suboptimal
24.88,93.41,759.92,Optimal
34.37,74.2,1820.59,Suboptimal
24.67,86.14,537.38,Optimal
33.22,74.92,806.48,Suboptimal
23.61,88.79,432.93,Optimal
29.37,75.85,595.78,Suboptimal
21.54,70.12,357.57,Suboptimal
13.38,72.02,1175.38,Suboptimal
18.56,76.59,413.89,Suboptimal
26.14,71.34,1793.36,Suboptimal
21.71,89.96,604.54,Optimal
15.52,93.25,580.62,Suboptimal
24.34,93.93,635.84,Optimal
24.34,97.31,708.66,Suboptimal
20.72,90.75,447.25,Optimal
20.94,90.68,533.12,Optimal
23.54,89.37,697.07,Optimal
22.26,90.17,518.59,Optimal
24.55,89.77,416.89,Optimal
13.25,66.17,1748.92,Suboptimal
24.14,87.49,668.33,Optimal
22.75,93.21,1137.87,Suboptimal
24.25,90.96,678.23,Optimal
32.83,77.27,1773.4,Suboptimal
23.98,85.21,532.83,Optimal
21.1,89.48,782.36,Optimal
28.99,98.48,797.48,Suboptimal
22.07,81.4,1093.26,Suboptimal
17.98,96.47,1666.04,Suboptimal
23.34,91.14,718.22,Optimal
24.3,85.25,600.7,Optimal
20.41,85.7,778.85,Optimal
19.92,74.04,425.95,Suboptimal
21.34,90.54,778.33,Optimal
21.72,86.55,460.21,Optimal
21.39,86.64,1175.31,Suboptimal
28.04,67.99,1787.46,Suboptimal
22.44,86.76,527.64,Optimal
19.64,93.56,1759.55,Suboptimal
20.93,89.96,707.21,Optimal
19.72,64.0,1704.04,Suboptimal
27.99,61.96,301.78,Suboptimal
11.51,75.74,709.61,Suboptimal
23.61,90.62,457.94,Optimal
20.88,93.25,714.83,Optimal
21.15,90.89,562.25,Optimal
22.53,88.78,660.19,Optimal
20.12,85.84,769.75,Optimal
24.93,88.18,556.73,Optimal
20.67,90.29,770.45,Optimal
21.26,87.8,575.93,Optimal
21.51,87.77,756.14,Optimal
20.76,89.17,558.02,Optimal
20.75,87.7,654.19,Optimal
22.54,89.6,652.73,Optimal
20.97,71.71,1415.7,Suboptimal
22.05,82.86,1566.11,Suboptimal
24.22,91.78,537.1,Optimal
15.56,62.37,337.07,Suboptimal
20.88,94.16,499.65,Optimal
23.78,90.34,478.11,Optimal
24.06,89.87,507.54,Optimal
20.98,94.56,669.62,Optimal
20.64,88.43,481.4,Optimal
21.33,89.16,536.46,Optimal
21.41,93.89,785.88,Optimal
22.85,92.39,435.73,Optimal
23.77,89.58,528.45,Optimal
24.27,94.68,648.34,Optimal
22.84,89.28,734.7,Optimal
20.46,67.79,398.08,Suboptimal
24.16,86.56,637.87,Optimal
16.69,72.98,1994.49,Suboptimal
21.7,85.26,671.3,Optimal
12.13,88.92,1362.08,Suboptimal
20.97,90.19,426.02,Optimal
34.79,62.1,479.19,Suboptimal
27.53,93.04,711.49,Suboptimal
21.2,91.03,729.38,Optimal
20.28,87.33,410.41,Optimal
24.89,85.56,545.36,Optimal
15.34,93.97,419.05,Suboptimal
21.13,87.36,797.43,Optimal
24.85,90.07,455.02,Optimal
22.27,86.34,767.9,Optimal
21.97,77.49,1597.19,Suboptimal
21.0,93.94,423.52,Optimal
32.58,69.29,1764.68,Suboptimal
22.69,87.97,526.25,Optimal
24.49,90.58,536.98,Optimal
13.46,92.11,973.96,Suboptimal
23.19,94.7,715.28,Optimal
20.18,93.15,671.15,Optimal
21.62,91.85,681.59,Optimal
20.74,92.65,763.4,Optimal
16.0,98.78,720.73,Suboptimal
22.51,87.56,454.65,Optimal
23.95,90.07,475.41,Optimal
22.82,90.2,585.68,Optimal
20.93,94.67,527.41,Optimal
21.04,88.89,688.13,Optimal
13.42,61.5,1775.47,Suboptimal
15.65,98.85,1494.61,Suboptimal
22.58,86.31,1595.55,Suboptimal
28.31,76.0,1590.96,Suboptimal
15.89,64.77,604.2,Suboptimal
24.26,88.56,602.55,Optimal
19.9,65.69,1982.71,Suboptimal
23.73,93.09,663.54,Optimal
21.98,92.0,684.15,Optimal
20.04,86.91,784.55,Optimal
20.65,89.19,486.46,Optimal
21.39,86.83,525.48,Optimal
29.51,97.93,824.79,Suboptimal
16.7,76.05,1711.97,Suboptimal
21.82,88.75,740.77,Optimal
20.86,88.18,643.25,Optimal
24.62,94.91,539.83,Optimal
20.08,86.7,557.44,Optimal
21.82,88.29,435.92,Optimal
23.71,82.79,1682.26,Suboptimal
15.15,60.79,1048.48,Suboptimal
21.23,63.26,1382.91,Suboptimal
22.92,90.57,644.38,Optimal
20.87,86.61,478.87,Optimal
21.86,92.67,1364.08,Suboptimal
16.05,86.99,1013.2,Suboptimal
20.83,77.1,544.72,Suboptimal
30.43,73.14,1522.03,Suboptimal
13.08,62.34,1093.59,Suboptimal
22.14,87.34,545.72,Optimal
21.05,91.25,756.98,Optimal
29.31,76.96,505.09,Suboptimal
24.4,80.82,1778.67,Suboptimal
24.95,90.32,460.31,Optimal
14.43,73.47,431.26,Suboptimal
22.39,76.58,1781.06,Suboptimal
23.83,89.24,698.69,Optimal
24.88,90.11,488.58,Optimal
34.23,61.68,1150.11,Suboptimal
14.04,70.28,390.81,Suboptimal
31.9,61.78,1239.97,Suboptimal
23.3,91.0,690.7,Optimal
22.14,87.93,745.82,Optimal
20.49,86.71,596.31,Optimal
20.86,87.39,697.83,Optimal
21.25,91.56,577.78,Optimal
22.2,91.4,626.18,Optimal
22.83,94.02,401.93,Optimal
22.0,86.13,417.92,Optimal
21.63,94.41,587.56,Optimal
21.59,94.56,795.95,Optimal
22.91,93.09,1565.83,Suboptimal
15.09,60.17,1424.36,Suboptimal
22.53,91.1,431.86,Optimal
35.0,64.29,827.16,Suboptimal
24.73,85.74,782.76,Optimal
21.63,94.97,530.12,Optimal
24.12,85.17,434.89,Optimal
22.98,91.6,570.66,Optimal
24.39,90.12,459.4,Optimal
21.59,90.12,596.0,Optimal
21.96,87.52,720.05,Optimal
29.43,62.06,1667.63,Suboptimal
14.23,84.61,1251.64,Suboptimal
20.02,87.39,484.93,Optimal
22.42,94.4,676.54,Optimal
22.32,86.31,654.4,Optimal
24.33,94.66,631.76,Optimal
20.55,91.27,684.78,Optimal
21.53,94.4,473.3,Optimal
22.31,88.16,783.23,Optimal
26.98,87.0,1237.15,Suboptimal
24.91,86.34,576.46,Optimal
14.32,94.85,1594.66,Suboptimal
22.15,91.18,580.35,Optimal
17.97,81.93,1677.55,Suboptimal
24.58,87.19,766.26,Optimal
15.35,65.07,1828.7,Suboptimal
21.52,90.19,516.53,Optimal
34.27,85.86,451.14,Suboptimal
21.95,86.28,484.15,Optimal
22.21,87.2,634.22,Optimal
10.3,96.99,1042.55,Suboptimal
25.71,65.26,1904.43,Suboptimal
20.17,86.17,566.09,Optimal
19.01,64.49,1760.21,Suboptimal
20.96,89.81,789.62,Optimal
21.52,85.18,611.55,Optimal
33.96,84.63,1294.93,Suboptimal
15.13,69.78,1488.71,Suboptimal
22.55,93.95,430.92,Optimal
24.75,92.32,644.77,Optimal
20.4,90.13,673.37,Optimal
23.88,91.46,514.97,Optimal
23.38,92.75,411.52,Optimal
20.56,87.18,759.41,Optimal
